t,rms,p2p,crest,kurtosis,equipment
0.0,0.13612382303536,1.187745,4.398061901659084,3.374574059613006,MOTOR_001
0.25,0.13809352798178848,1.1632470000000001,4.827069086741765,3.3209244780049736,MOTOR_001
0.5,0.13870995368086197,1.399389,5.282980640927903,3.6471906667353666,MOTOR_001
0.75,0.13513786476052245,1.386752,5.4226252671565955,3.6770308106866176,MOTOR_001
1.0,0.13306902904875395,1.392353,5.723022144551608,3.49402281088729,MOTOR_001
1.25,0.1330091687382213,1.392353,5.725597770623163,3.458135654507962,MOTOR_001
1.5,0.13225932411499058,1.11598,4.612771190858156,3.37011835640515,MOTOR_001
1.75,0.13455267422985043,1.227757,4.5905813729488045,3.418519391517099,MOTOR_001
2.0,0.13539420403096425,1.3389259999999998,5.327044869919631,3.5833510957857237,MOTOR_001
2.25,0.13818590426438807,1.318698,5.219425265112759,3.629093871035663,MOTOR_001
2.5,0.13597097830811083,1.161718,4.393930288904611,3.430291108329879,MOTOR_001
2.75,0.1356856542074023,1.1791179999999999,4.6278215900420765,3.3516661558176435,MOTOR_001
3.0,0.13809880374865624,1.292468,4.812054717066775,3.3898631845881537,MOTOR_001
3.25,0.13761856913682835,1.177273,4.82884689303285,3.3343651125533245,MOTOR_001
3.5,0.13849052992217553,1.3736,5.652039893557104,3.5525617072419235,MOTOR_001
3.75,0.1375035157964702,1.3302239999999999,5.69261080682923,3.6197968952939603,MOTOR_001
4.0,0.1341507904487973,1.09672,4.09427330366449,3.3082289836497734,MOTOR_001
4.25,0.13210511802410183,1.059361,4.0879945310027415,3.2138752512111957,MOTOR_001
4.5,0.13322831429088375,1.11453,4.467623891873621,3.3266885368763734,MOTOR_001
4.75,0.1362551110934485,1.233521,4.631400575991623,3.3846636789948796,MOTOR_001
5.0,0.13619703981637366,1.3845809999999998,5.18038425028367,3.6220282137898745,MOTOR_001
5.25,0.13422797011752524,1.3845809999999998,5.256378379128008,3.5327796585134976,MOTOR_001
5.5,0.1361083043226193,1.0779800000000002,4.140967024789642,3.304988552246613,MOTOR_001
5.75,0.1367932197627088,1.119467,4.423516026961434,3.342519043722731,MOTOR_001
6.0,0.13428608952127963,1.087475,4.506103366008821,3.1925815212616344,MOTOR_001
6.25,0.1332286411902603,1.114946,4.327372814503698,3.256702987198294,MOTOR_001
6.5,0.1327448273227398,1.165644,4.437943171734287,3.297068952001497,MOTOR_001
6.75,0.13143143616722275,1.1813639999999999,5.13005122413894,3.4751778456746636,MOTOR_001
7.0,0.1327654175477174,1.1813639999999999,5.078506228910604,3.3929309284667153,MOTOR_001
7.25,0.13270198731229876,0.968953,3.7616995051115993,3.095223268979698,MOTOR_001
7.5,0.13208284868516473,1.133245,4.932131661945064,3.0971232096280774,MOTOR_001
7.75,0.13247350247122394,1.133245,4.917587199308094,3.24726494365105,MOTOR_001
8.0,0.132530236038507,1.272544,5.453842244648149,3.4558871791366297,MOTOR_001
8.25,0.13427969101636422,1.272544,5.382787184935619,3.4042188132034963,MOTOR_001
8.5,0.13429991330091906,1.095347,4.610933728694837,3.1797677055260833,MOTOR_001
8.75,0.13494011958142305,1.14628,5.100714317839953,3.1383847498570954,MOTOR_001
9.0,0.13347483941501578,1.1537419999999998,5.212615374173122,3.186666582149992,MOTOR_001
9.25,0.13362471067219614,1.174681,5.206768991304302,3.199568957648976,MOTOR_001
9.5,0.1356711525761137,1.157226,4.303405616551034,3.231174645623107,MOTOR_001
9.75,0.13347850618652943,1.0988090000000001,4.374097498395001,3.140057847129591,MOTOR_001
10.0,0.13279427590896897,1.0380829999999999,3.983078309509242,3.1370336300607655,MOTOR_001
10.25,0.13099507361714555,1.0561310000000002,4.037785432648286,3.2734924485353245,MOTOR_001
10.5,0.13339648096479392,1.13654,4.567879119396089,3.356934371835739,MOTOR_001
10.75,0.1326216031571134,1.127236,4.594568196239731,3.4033638257936913,MOTOR_001
11.0,0.12996948091258628,1.07746,4.30534150072005,3.293351194924868,MOTOR_001
11.25,0.13220147038251126,1.027974,4.1249011710851535,3.175351263150249,MOTOR_001
11.5,0.13158288136366847,1.046905,4.084125491329927,3.0563655629417834,MOTOR_001
11.75,0.1350673830290547,1.2303760000000001,5.008026252011512,3.2875594472000236,MOTOR_001
12.0,0.13650158543659896,1.3539889999999999,4.96381047760585,3.505078268935851,MOTOR_001
12.25,0.1348847535695278,1.32071,5.023310508186829,3.357373934752782,MOTOR_001
12.5,0.13391012011143053,1.1529280000000002,4.307896964919222,3.312230979475916,MOTOR_001
12.75,0.13088163189232235,1.194286,4.71735407843901,3.440100667549676,MOTOR_001
13.0,0.13170498573933098,1.10967,4.687863534809387,3.358523274119492,MOTOR_001
13.25,0.13126885751715114,1.271024,5.70022482219162,3.3695607711701165,MOTOR_001
13.5,0.13313496846151934,1.2929,5.620326565189925,3.5587266670929396,MOTOR_001
13.75,0.13271853565987685,1.175643,4.754460233174227,3.4695012867267163,MOTOR_001
14.0,0.1298509129389533,1.158016,4.659628386936755,3.3275632928892853,MOTOR_001
14.25,0.1341148635994786,1.165678,4.511483542994501,3.5603139207137002,MOTOR_001
14.5,0.13458014195008072,1.142659,4.29850936116993,3.5442285408851006,MOTOR_001
14.75,0.12960240852994448,1.127637,4.857178251085931,3.3597370848464285,MOTOR_001
15.0,0.13190022340480892,1.412493,6.151164714179093,3.8027905858882063,MOTOR_001
15.25,0.13432547891543092,1.412493,6.040105023640423,3.785858936753394,MOTOR_001
15.5,0.13375999564326724,1.272321,4.877407455514062,3.758212477264574,MOTOR_001
15.75,0.1383951998295032,1.272321,4.714050782135006,3.717787498978904,MOTOR_001
16.0,0.14023677750276584,1.2586430000000002,4.654763262704933,3.589614729688511,MOTOR_001
16.25,0.13987952336742993,1.204374,4.666651589063058,3.670252179066621,MOTOR_001
16.5,0.13516805459035522,1.256551,5.486192741675467,3.855506642736682,MOTOR_001
16.75,0.1352603290992346,1.446728,5.900895002365601,4.023044602886769,MOTOR_001
17.0,0.1380710983213472,1.446728,5.780768094872153,3.7716154780194255,MOTOR_001
17.25,0.13990784874159937,1.409041,5.469028413217906,3.8508153580384863,MOTOR_001
17.5,0.1407747421581669,1.404928,5.406133148124886,3.7778982014631293,MOTOR_001
17.75,0.136850040944792,1.2445490000000001,4.981364969229429,3.5448161201138313,MOTOR_001
18.0,0.13483239010495632,1.1724139999999998,5.055906814893295,3.540806902798997,MOTOR_001
18.25,0.13473962746736992,1.279504,4.876405051358165,3.4804608092068072,MOTOR_001
18.5,0.13656947457741334,1.281901,4.811067788267422,3.5378000588138168,MOTOR_001
18.75,0.13428215424911596,1.137076,4.716248436297106,3.5624087560601563,MOTOR_001
19.0,0.13269909196545204,1.2707579999999998,4.803725410313726,3.5843457902342495,MOTOR_001
19.25,0.13266032511016104,1.2778909999999999,4.827675489775698,3.6143906902612137,MOTOR_001
19.5,0.13192819136701556,1.165587,4.854466610690776,3.688691208709651,MOTOR_001
19.75,0.13634958797068614,1.3164639999999999,5.033649241005082,3.9350358821708005,MOTOR_001
20.0,0.13508587065375166,1.3164639999999999,5.080738619653252,3.825779192838857,MOTOR_001
20.25,0.13338241627574407,1.2400470000000001,5.036293529210567,3.5340821250469348,MOTOR_001
20.5,0.13475161424681617,1.165466,4.431650064734639,3.5945900225087315,MOTOR_001
20.75,0.13705838803969278,1.301114,5.393949327536956,3.755737572861917,MOTOR_001
21.0,0.13399032342133096,1.301114,5.517458135206705,3.8098893920007595,MOTOR_001
21.25,0.12900509726514106,1.106757,4.4320574312259895,3.3538233989351234,MOTOR_001
21.5,0.13058138224204954,0.986456,3.9980890923046317,3.2631545521872707,MOTOR_001
21.75,0.12934156423256216,1.036389,4.426512106893657,3.391756134639632,MOTOR_001
22.0,0.12954125211175396,1.44411,6.126666116484043,3.79282044059235,MOTOR_001
22.25,0.1336386219281476,1.44411,5.938822090119417,3.802726071115476,MOTOR_001
22.5,0.13317373841677552,1.233562,5.094225093215089,3.4470151390010755,MOTOR_001
22.75,0.12883019418825697,1.3425259999999999,5.265978245819011,3.5550594700167655,MOTOR_001
23.0,0.1289083085298122,1.197074,5.151793608760398,3.398154321508256,MOTOR_001
23.25,0.1309100583511424,1.14841,4.447542131852691,3.376325037484206,MOTOR_001
23.5,0.13222837264870718,1.177357,4.622116931165118,3.588664661173443,MOTOR_001
23.75,0.13369307958841634,1.2308080000000001,4.634742515525742,3.734572392474623,MOTOR_001
24.0,0.1332006187503079,1.168704,4.651877790159047,3.7846214695445664,MOTOR_001
24.25,0.1308056790534503,1.119899,4.570673110879965,3.438094404348816,MOTOR_001
24.5,0.13036697403864936,1.135002,4.586054132258619,3.274381560775745,MOTOR_001
24.75,0.13282849573363154,1.437408,6.358959313171974,3.885906984522171,MOTOR_001
25.0,0.13530330925936965,1.437408,6.242648495616959,3.8925296855763953,MOTOR_001
25.25,0.13371672191918396,1.113173,4.99749014490407,3.4509427179824024,MOTOR_001
25.5,0.13259128872903048,1.1972939999999999,5.039908778363725,3.4126035073486904,MOTOR_001
25.75,0.13097226757976285,1.1082100000000001,4.422035372085818,3.3344452866930046,MOTOR_001
26.0,0.1343948848511161,1.199336,4.614550625844371,3.176862560325586,MOTOR_001
26.25,0.1349264242391608,1.138792,4.596371715155869,3.212241177422179,MOTOR_001
26.5,0.13455716755837832,1.0572460000000001,4.00295286957727,3.192497308181842,MOTOR_001
26.75,0.13466910452397063,1.082017,4.035008637807332,3.1317024011343118,MOTOR_001
27.0,0.13513055956573444,1.422459,6.63203795558951,3.5317679664896318,MOTOR_001
27.25,0.13550044946098794,1.407196,6.6139337807733485,3.4385897407300594,MOTOR_001
27.5,0.13505918664307281,1.179346,4.7394924840740655,3.230426123816775,MOTOR_001
27.75,0.1376317874708642,1.179346,4.650902322514033,3.3023751926763154,MOTOR_001
28.0,0.1371462499569652,1.3615849999999998,5.593678283151911,3.3460678965333512,MOTOR_001
28.25,0.13552662652799446,1.3615849999999998,5.660526050514041,3.359441627846196,MOTOR_001
28.5,0.13165370664161863,1.108411,4.404190469003503,3.3530337434510558,MOTOR_001
28.75,0.13029112877253674,1.2574049999999999,5.200484533240319,3.4397108434901646,MOTOR_001
29.0,0.12861312845662423,1.227892,5.268334641502155,3.3165899857493337,MOTOR_001
29.25,0.1289607259826994,1.03784,4.267306932451877,3.1663091734427335,MOTOR_001
29.5,0.12822241892712055,0.971745,3.8021822086908292,3.0922686009310585,MOTOR_001
29.75,0.13020072696020413,1.199468,5.387128139571644,3.2422322604784304,MOTOR_001
30.0,0.13242826112237618,1.212237,5.296512950146139,3.365411313718924,MOTOR_001
30.25,0.13185614224684888,1.061742,4.178136798273922,3.4053268063230155,MOTOR_001
30.5,0.1341186936321313,1.104953,4.39155038010968,3.368506824562953,MOTOR_001
30.75,0.13059320113746445,1.104953,4.510104621602935,3.2880831749948536,MOTOR_001
31.0,0.1290820368789312,1.2080419999999998,4.925658250933425,3.401840847425,MOTOR_001
31.25,0.1330545482670942,1.2080419999999998,4.778596510084455,3.5734763210066065,MOTOR_001
31.5,0.13252199351670885,1.120642,4.714213719711596,3.4268608349474765,MOTOR_001
31.75,0.13169779139847693,1.174732,4.722736755076617,3.417011447567248,MOTOR_001
32.0,0.13014661819258835,1.174732,4.779025445591029,3.4843528664388628,MOTOR_001
32.25,0.12756509886305306,1.24531,5.668893815355701,3.4748747104882503,MOTOR_001
32.5,0.13112763383696244,1.2669480000000002,5.514878739435903,3.5636529418183582,MOTOR_001
32.75,0.13207785123602858,1.1259890000000001,4.407960869681285,3.472249694856876,MOTOR_001
33.0,0.13023219736276911,1.250695,5.610624828548647,3.3957749796403736,MOTOR_001
33.25,0.1319787814433446,1.236488,5.53637480213943,3.3700913915670383,MOTOR_001
33.5,0.13290346004596346,1.0512730000000001,4.1281694232058,3.389228072571762,MOTOR_001
33.75,0.13155310010407725,1.247948,5.315724216660452,3.441542416223838,MOTOR_001
34.0,0.133368921951691,1.36044,5.243350473008254,3.672253161401093,MOTOR_001
34.25,0.13594868841820062,1.286553,4.863158355498245,3.5992273389038383,MOTOR_001
34.5,0.1339293919290455,1.222487,4.641721962938136,3.425318192019962,MOTOR_001
34.75,0.131360741759152,1.320418,5.319359426891461,3.6129590548029067,MOTOR_001
35.0,0.13553733555633343,1.336217,5.155442942211124,3.9654958856771323,MOTOR_001
35.25,0.13920464822107728,1.375047,5.4270242384450285,3.991642444935661,MOTOR_001
35.5,0.1357526109973497,1.267825,5.565027401312738,3.8389903291715,MOTOR_001
35.75,0.13562942334511022,1.208193,5.115770478758841,3.6142319523972684,MOTOR_001
36.0,0.13831764995247534,1.2084570000000001,4.674276928664877,3.5130300271539587,MOTOR_001
36.25,0.1374692554326171,1.3439860000000001,5.038050128521125,3.708868321144289,MOTOR_001
36.5,0.13399021012567253,1.3439860000000001,5.168862705345532,3.606658307830619,MOTOR_001
36.75,0.13649151062823972,1.238693,4.691273450288268,3.59333520837744,MOTOR_001
37.0,0.137078864255674,1.238693,4.671172346494662,3.7445835887009773,MOTOR_001
37.25,0.13680467241009717,1.215017,4.567826441824643,3.7478431789122033,MOTOR_001
37.5,0.13623137033846178,1.296143,4.927227835500163,3.6689208014577774,MOTOR_001
37.75,0.1358861806534751,1.357118,5.332609957210308,3.722025770881197,MOTOR_001
38.0,0.13785525661240533,1.357118,5.256440833717125,3.646039402452299,MOTOR_001
38.25,0.13712112698405743,1.153658,4.518902474248501,3.670338230032184,MOTOR_001
38.5,0.13906877579252197,1.244913,4.496163832871121,3.8087230527671725,MOTOR_001
38.75,0.13662091626107667,1.220443,4.576722343196152,3.56881238444229,MOTOR_001
39.0,0.13965809341641733,1.4856,5.791909227832208,3.9327103398973544,MOTOR_001
39.25,0.1430457109341617,1.4856,5.6547448694375655,3.988168577125662,MOTOR_001
39.5,0.13801259684356262,1.364274,5.5222930183966685,3.7557461541503527,MOTOR_001
39.75,0.13600696923267894,1.497601,5.603727546462201,3.8369660262608662,MOTOR_001
40.0,0.1357683972149028,1.42259,5.41698226602672,3.805320792264898,MOTOR_001
40.25,0.13456084885735897,1.279911,4.821023392083947,3.679502997976425,MOTOR_001
40.5,0.13407888265797396,1.408571,5.264184680002803,3.8509204124609573,MOTOR_001
40.75,0.13266800027161033,1.408571,5.320167625614221,3.8736766671480947,MOTOR_001
41.0,0.13064973006259428,1.227877,4.940125017409347,3.6632100454567667,MOTOR_001
41.25,0.13146205772674582,1.205988,4.909599097722694,3.6979031851908797,MOTOR_001
41.5,0.12992519135477154,1.244858,4.804018323865085,3.597919459702059,MOTOR_001
41.75,0.13235396457148582,1.244858,4.715861757679973,3.4079447880121774,MOTOR_001
42.0,0.13631022816060567,1.2399559999999998,4.963699416618991,3.5515221274319417,MOTOR_001
42.25,0.1340547957303309,1.2399559999999998,5.047212196429563,3.6212498348469966,MOTOR_001
42.5,0.13461592931637634,1.273943,5.415577515248136,3.479651412572711,MOTOR_001
42.75,0.13196183308191284,1.18589,5.524498887094669,3.383018654573151,MOTOR_001
43.0,0.13133106550252877,1.138802,4.920861621940898,3.2784714985879395,MOTOR_001
43.25,0.1343507688107413,1.173156,4.810259038490382,3.425798794748129,MOTOR_001
43.5,0.13394286770654867,1.203544,5.051780744925155,3.638432563822756,MOTOR_001
43.75,0.13541401736649902,1.2014610000000001,4.996897759621456,3.7135201045666846,MOTOR_001
44.0,0.1372634433376732,1.134755,4.539526219425544,3.489488754180552,MOTOR_001
44.25,0.13543746678177349,1.1012339999999998,4.368909239519459,3.285446663810669,MOTOR_001
44.5,0.13545506818022215,1.4291649999999998,6.250567153925235,3.543427148054722,MOTOR_001
44.75,0.13860516309571136,1.4291649999999998,6.108509820917321,3.814355889531252,MOTOR_001
45.0,0.13869337868498627,1.339415,5.513370625549381,3.562245860122077,MOTOR_001
45.25,0.13657747930935668,1.216529,4.969054952777314,3.2693182177617084,MOTOR_001
45.5,0.13509266123729624,1.229414,5.023670373980581,3.2494513712570376,MOTOR_001
45.75,0.13588386325785706,1.11165,4.127767540253297,3.365045778650523,MOTOR_001
46.0,0.13472999799560786,1.133492,4.249944396337527,3.3581284442810726,MOTOR_001
46.25,0.13230977303463784,1.095463,4.32768484796734,3.216447617178057,MOTOR_001
46.5,0.1350303018445934,1.217297,5.066129532816346,3.3105774953131117,MOTOR_001
46.75,0.13563390304768938,1.217297,5.043584123355019,3.288609014572747,MOTOR_001
47.0,0.13386008738299993,1.044728,4.552081295573588,3.3242351039620974,MOTOR_001
47.25,0.13388142875440567,1.482429,6.07323963872206,3.8477535303870223,MOTOR_001
47.5,0.12979312234222004,1.482429,6.264538407945449,3.802440044386223,MOTOR_001
47.75,0.1305564042559173,1.083035,4.3727000850984705,3.3213106352978388,MOTOR_001
48.0,0.13081925523007068,1.083035,4.363914157713184,3.4047012646949373,MOTOR_001
48.25,0.12720896198599818,1.0697780000000001,4.713056302322405,3.416350474480331,MOTOR_001
48.5,0.12656281446590564,1.039941,4.737118106373251,3.2921687336834333,MOTOR_001
48.75,0.12575330657813882,1.009509,4.5256145980254905,3.0958576224032557,MOTOR_001
49.0,0.1254549561849536,0.907689,3.785645577045448,3.0708422536572666,MOTOR_001
49.25,0.12720245175741896,1.025941,4.0628933865644425,3.325877773966344,MOTOR_001
49.5,0.12949220486635768,1.0664639999999999,4.237212584080029,3.3638057024295853,MOTOR_001
49.75,0.1299401167158554,1.118768,4.62513052311786,3.292516123014007,MOTOR_001
50.0,0.12964711472540227,1.23275,4.872919858942428,3.432332522098508,MOTOR_001
50.25,0.13015064861153688,1.158325,5.066513359976819,3.519530886319068,MOTOR_001
50.5,0.1319776977613737,1.280062,4.996374472240503,3.573536225865181,MOTOR_001
50.75,0.13332148444243008,1.195409,4.655303701392595,3.5521442425784615,MOTOR_001
51.0,0.1276430269202954,1.153492,4.534011876429267,3.3707987443953353,MOTOR_001
51.25,0.12690528524241662,1.0999780000000001,4.943497812574267,3.3196883036118887,MOTOR_001
51.5,0.1321333697838977,1.0999780000000001,4.747899800224819,3.2215716780829236,MOTOR_001
51.75,0.13297928911594653,1.384398,5.261465936924593,3.4090331054016993,MOTOR_001
52.0,0.137477568689828,1.384398,5.089310253795378,3.558748892309154,MOTOR_001
52.25,0.13844303309234993,1.176614,4.322485477480249,3.36250772460427,MOTOR_001
52.5,0.1345206998056707,1.3238919999999998,5.457977850699892,3.384645363640721,MOTOR_001
52.75,0.13320416142377506,1.284751,5.511922391554906,3.352440702760446,MOTOR_001
53.0,0.1369365020183388,1.312674,5.2559032061707915,3.4423867227892524,MOTOR_001
53.25,0.13765931741672083,1.312674,5.228305744254536,3.552337836658354,MOTOR_001
53.5,0.1347571230956619,1.308019,5.176550107149448,3.5509488538071934,MOTOR_001
53.75,0.13449617671628486,1.178203,4.5387312480094275,3.519483993225072,MOTOR_001
54.0,0.13266110088803065,1.100037,4.279785077912211,3.433416790930616,MOTOR_001
54.25,0.1327428196599754,1.092218,4.301859802757981,3.304125485797239,MOTOR_001
54.5,0.13523724482518026,1.128414,4.222512819883152,3.4081917301990736,MOTOR_001
54.75,0.13510609657316078,1.292492,5.3314692546827125,3.6341744122119595,MOTOR_001
55.0,0.13498741559252755,1.319447,5.3361566842226,3.4713639610150477,MOTOR_001
55.25,0.13538190692725108,1.180782,4.425502739608702,3.5369711257415037,MOTOR_001
55.5,0.13683189936636897,1.097541,4.061348286279708,3.493496925927286,MOTOR_001
55.75,0.13973417427401214,1.109044,3.976994195494764,3.2968159150855674,MOTOR_001
56.0,0.1418782164611859,1.308852,4.805727172264884,3.7305131559402827,MOTOR_001
56.25,0.13824738473866513,1.318138,4.999110842541015,3.88810742457778,MOTOR_001
56.5,0.13410546615582827,1.24489,5.153511037327422,3.5632560108210187,MOTOR_001
56.75,0.13830165114727797,1.4445169999999998,5.721573050182448,3.853275653829491,MOTOR_001
57.0,0.14121756463521323,1.527385,5.603431853849468,3.9549257493418843,MOTOR_001
57.25,0.13887724637408705,1.376085,5.300234698038661,3.7797176391001477,MOTOR_001
57.5,0.13903293896351324,1.299755,4.745292769601456,3.650568441236348,MOTOR_001
57.75,0.13902283139056917,1.273477,5.249029908978697,3.676411012640726,MOTOR_001
58.0,0.1352943523653265,1.2555230000000002,5.393684120897702,3.720324061074883,MOTOR_001
58.25,0.1367205992746969,1.193999,4.821607010919544,3.78507090802733,MOTOR_001
58.5,0.1371260656146398,1.160293,4.561547049397878,3.6528034837549646,MOTOR_001
58.75,0.13505757156562437,1.334017,5.0756798900897735,3.639800846586804,MOTOR_001
59.0,0.1378221076107916,1.354985,4.973868212318094,3.8329368740818794,MOTOR_001
59.25,0.13886742962420534,1.15821,4.8209720725133,3.6535798851073906,MOTOR_001
59.5,0.1349068555510162,1.062597,4.307927848634987,3.3630644180750124,MOTOR_001
59.75,0.13641396650295243,1.183257,5.163466894606831,3.559440323642174,MOTOR_001
60.0,0.14072076525629398,1.515994,5.767627816134966,3.8594256846795787,MOTOR_001
60.25,0.1388349305533693,1.495183,5.845971159887639,3.7995037720847735,MOTOR_001
60.5,0.1390933758529841,1.186645,4.6614225589384155,3.6506803398467986,MOTOR_001
60.75,0.1404096079572121,1.163889,4.455656625653766,3.5941357258141933,MOTOR_001
61.0,0.1385450930680238,1.0701939999999999,4.083255404233201,3.605088053216309,MOTOR_001
61.25,0.1357649800296099,1.0701939999999999,4.166869835480544,3.3481049810461245,MOTOR_001
61.5,0.1346344065354437,1.2244389999999998,4.67156216739012,3.297277882596371,MOTOR_001
61.75,0.1368367933547142,1.322767,5.070376051574563,3.6331609595762617,MOTOR_001
62.0,0.1404777060502128,1.3154020000000002,4.938961629626846,3.5146536503618186,MOTOR_001
62.25,0.1409250846200615,1.335149,4.811868673545338,3.347756385763081,MOTOR_001
62.5,0.13678062332274854,1.35318,5.410378912032066,3.625793883692727,MOTOR_001
62.75,0.13431964018824463,1.34575,5.509507015972235,3.6045497725459352,MOTOR_001
63.0,0.13277282802191212,1.222995,5.2599768371638715,3.580904053144611,MOTOR_001
63.25,0.1325414189214583,1.21365,5.269160430626209,3.533018994735824,MOTOR_001
63.5,0.13149990902456357,1.049992,4.270504855597285,3.2393856214231183,MOTOR_001
63.75,0.13289042446432417,1.040609,4.285365196894859,3.374618368154498,MOTOR_001
64.0,0.13361698959051202,1.277719,5.95410809986167,3.541785274740701,MOTOR_001
64.25,0.1328983863304522,1.3527740000000001,5.986302933895773,3.480168295957526,MOTOR_001
64.5,0.13641941116073025,1.161076,4.426584126569158,3.2282677980980714,MOTOR_001
64.75,0.133915686039174,1.0276420000000002,3.849086057395964,3.113001140591815,MOTOR_001
65.0,0.13298316610657576,1.302841,5.870494911922517,3.3382665378695204,MOTOR_001
65.25,0.13783469406028276,1.302841,5.663864278311284,3.450961803316498,MOTOR_001
65.5,0.13636709858690438,1.14408,4.584683596546354,3.3550637761423285,MOTOR_001
65.75,0.13530285759674435,1.245413,5.299939799772971,3.6575614783635486,MOTOR_001
66.0,0.13408249113867457,1.245413,5.348177781529609,3.5857053001223673,MOTOR_001
66.25,0.13601398294232286,1.242622,5.018594303568466,3.316723007539479,MOTOR_001
66.5,0.13878401181497005,1.242622,4.9184267775027015,3.425444663727095,MOTOR_001
66.75,0.13626331586488394,1.088233,4.326843187821923,3.4874515837557998,MOTOR_001
67.0,0.1371626839196329,1.153767,4.706710174745957,3.471427908162948,MOTOR_001
67.25,0.134472206819077,1.153767,4.800880533392225,3.3927232854090303,MOTOR_001
67.5,0.13528782132743464,1.226758,5.58780526275428,3.5688650566165796,MOTOR_001
67.75,0.1380904437992384,1.2928899999999999,5.474397642598997,3.5726759108156685,MOTOR_001
68.0,0.13814242183608372,1.09525,4.041640450335311,3.2745418921602014,MOTOR_001
68.25,0.1388503925895994,1.1771099999999999,4.561175436297895,3.2438987632162526,MOTOR_001
68.5,0.1388356605204612,1.263001,5.180311724695577,3.290816402835174,MOTOR_001
68.75,0.13681355030365736,1.198118,5.256876957024437,3.2807225706885372,MOTOR_001
69.0,0.1354891428405211,1.195881,5.291752423616133,3.142518875055471,MOTOR_001
69.25,0.13744987673017298,1.06991,4.321495327100629,3.1214264773516227,MOTOR_001
69.5,0.13732915489516054,1.04647,4.154609415863419,3.259788643367673,MOTOR_001
69.75,0.13464544540788922,1.060715,4.066435357997776,3.1741164407933025,MOTOR_001
70.0,0.13171205547024256,1.066401,4.198431176445611,3.114465447220047,MOTOR_001
70.25,0.13174674789028712,1.079157,4.29414774223591,3.1789953941321993,MOTOR_001
70.5,0.13299166229766154,1.118442,4.696008676109175,3.3342749106100213,MOTOR_001
70.75,0.1331377101298384,1.223957,4.690857303997091,3.268645614459809,MOTOR_001
71.0,0.13253975183318917,1.172523,4.522620509765418,3.2019840126999752,MOTOR_001
71.25,0.13097806870496678,1.140704,4.375511149816395,3.2297917756645282,MOTOR_001
71.5,0.1315630321184227,1.170997,4.490927204141755,3.1943712724743847,MOTOR_001
71.75,0.13201872086990496,1.170997,4.4754258798055675,3.378096741388685,MOTOR_001
72.0,0.1304863326552761,1.109994,4.45644373756938,3.263008732124983,MOTOR_001
72.25,0.13015218565913378,1.120463,4.922130172118568,3.2597019878256708,MOTOR_001
72.5,0.13394432323705668,1.2651590000000001,4.78277828069063,3.4446654890809283,MOTOR_001
72.75,0.13584530133395117,1.245275,4.597383890847268,3.2477098584038937,MOTOR_001
73.0,0.13121328493529438,1.055307,4.28424606759304,3.171937271245296,MOTOR_001
73.25,0.13212497588833036,1.468137,6.005215854651132,3.665928062444133,MOTOR_001
73.5,0.13275584785526917,1.468137,5.976678337100521,3.616956654299742,MOTOR_001
73.75,0.12826371611510942,1.1190250000000002,4.418669731129336,3.3211204449962253,MOTOR_001
74.0,0.12941395841783257,1.175079,4.700605772647289,3.5046167003409443,MOTOR_001
74.25,0.1306680335749753,1.12108,4.655492115070003,3.3810509901546255,MOTOR_001
74.5,0.13083096718511114,1.161255,4.723231917453282,3.458690270552118,MOTOR_001
74.75,0.13288093583443036,1.296271,5.104765373154763,3.510075006155613,MOTOR_001
75.0,0.13466258070994191,1.2848899999999999,5.0372270932568,3.5751005018714097,MOTOR_001
75.25,0.1371437495370209,1.438141,6.059320988417912,3.8584852734081365,MOTOR_001
75.5,0.1368283952642899,1.438141,6.073286165454852,3.8510233293504297,MOTOR_001
75.75,0.13297483957234588,1.138601,4.4821411472787345,3.4470864003500927,MOTOR_001
76.0,0.1333984751478676,1.046608,4.076823212538,3.531823649960289,MOTOR_001
76.25,0.13585939782218875,1.149767,4.290016070605679,3.644962811046013,MOTOR_001
76.5,0.13878823088216133,1.2752249999999998,5.103437052968721,3.7311257864377723,MOTOR_001
76.75,0.14143920099630752,1.295754,5.007784228210474,3.898434475878147,MOTOR_001
77.0,0.14006224998852965,1.2708080000000002,4.87890919970201,3.5155795212103222,MOTOR_001
77.25,0.13909335889011876,1.329751,5.177378745802643,3.406993625574922,MOTOR_001
77.5,0.1372617996638982,1.329751,5.246463340589631,3.467183858597495,MOTOR_001
77.75,0.13564839784090293,1.141716,4.771011013038678,3.412630114837702,MOTOR_001
78.0,0.14456169483190517,1.810621,6.283061367370866,4.33138250429073,MOTOR_001
78.25,0.1467069061620115,1.810621,6.1911877481551985,4.2479888159126835,MOTOR_001
78.5,0.14322292804627382,1.229195,4.905960306669491,3.6434913621199976,MOTOR_001
78.75,0.14215201925804904,1.281491,4.942919584733329,3.737686011055325,MOTOR_001
79.0,0.13820430077096055,1.273276,5.024669971384231,3.638471428142278,MOTOR_001
79.25,0.13860068357783134,1.256484,5.010299964430129,3.5471329318285147,MOTOR_001
79.5,0.13934254132649468,1.1659350000000002,4.5965502990163705,3.4922051897171658,MOTOR_001
0.0,0.3280332178294507,6.0653880000000004,9.441839520076588,9.549010545002206,MOTOR_002
0.25,0.3360834453493897,6.0653880000000004,9.215678555009267,10.904653853325753,MOTOR_002
0.5,0.31572941072972677,5.477138999999999,8.89467659509235,10.076737899443106,MOTOR_002
0.75,0.30582315241752117,5.0797,8.726703583110073,8.977199512080308,MOTOR_002
1.0,0.33810274131710427,5.017066,7.708290059546332,9.008684867252592,MOTOR_002
1.25,0.35123208374121945,4.819331999999999,7.420147875557376,9.013067861645123,MOTOR_002
1.5,0.36644628540386753,7.361041999999999,10.734994886534283,13.46615752709314,MOTOR_002
1.75,0.37338646971875183,7.361041999999999,10.535462098996462,13.912635133463972,MOTOR_002
2.0,0.3510422845717929,5.550085,8.081240137382437,9.388589466629128,MOTOR_002
2.25,0.34673999114444026,7.607196,12.345426282879563,14.156815309446959,MOTOR_002
2.5,0.3470400129624106,7.607196,12.33475345813699,14.089408844905314,MOTOR_002
2.75,0.3626339345328961,9.571356999999999,15.111100970344802,19.39587291603704,MOTOR_002
3.0,0.3679360746104371,9.571356999999999,14.893342561753135,19.534825170419264,MOTOR_002
3.25,0.3514426433412353,7.642543,12.816176651695248,15.030863492275772,MOTOR_002
3.5,0.3372535483529999,7.642543,13.355385056721628,15.152721278852113,MOTOR_002
3.75,0.3281025151393132,4.5888729999999995,7.3258475296338785,7.412636115347973,MOTOR_002
4.0,0.3493683007102712,5.488814,8.830752514546313,9.061308006205598,MOTOR_002
4.25,0.35066634632767907,5.432603,8.7980641208069,9.846462538160198,MOTOR_002
4.5,0.3368898723625677,4.591533999999999,7.019074166335017,8.266705579172916,MOTOR_002
4.75,0.3592628522710059,5.237164999999999,8.27674495485259,8.098733052716227,MOTOR_002
5.0,0.3476767709688871,5.237164999999999,8.552561598272824,7.98074121176342,MOTOR_002
5.25,0.3250408039413367,4.1853,6.541227975745869,6.87551046234204,MOTOR_002
5.5,0.36183276058977043,4.94349,7.249901848921093,7.760025683617621,MOTOR_002
5.75,0.3581472875775841,4.94349,7.324506120772267,7.634555722981712,MOTOR_002
6.0,0.3568640787570497,6.3387910000000005,9.975980245475107,10.536325067593895,MOTOR_002
6.25,0.36368229153734766,6.677424,9.788953388274626,13.1411590120705,MOTOR_002
6.5,0.3446426453666435,6.416853,9.573678836204012,11.605686604357894,MOTOR_002
6.75,0.3787802086389757,6.385115,9.996567702429784,12.131103096710738,MOTOR_002
7.0,0.37474143810939425,6.385115,10.104305568936432,11.511252346875454,MOTOR_002
7.25,0.35596257784422786,9.145063,14.539177211669703,17.7016518087936,MOTOR_002
7.5,0.3755736581740743,9.145063,13.779994649148843,16.62879462606452,MOTOR_002
7.75,0.36693530981505484,5.959905,8.384298043027353,9.016878959206771,MOTOR_002
8.0,0.3656894379260768,7.404785,11.835972142227835,12.083705397935153,MOTOR_002
8.25,0.34963671803592455,7.153148,12.379392028142982,11.632354618128863,MOTOR_002
8.5,0.34016916952911186,5.639009,9.482808228815509,9.153134743471835,MOTOR_002
8.75,0.354018889824866,5.671749999999999,9.111827342308741,9.87097014458787,MOTOR_002
9.0,0.34602480486438103,5.0756429999999995,7.599605470569229,7.861958989569734,MOTOR_002
9.25,0.353223023977745,4.7863690000000005,7.331549259832971,8.592388549758729,MOTOR_002
9.5,0.36550438864093754,4.7863690000000005,7.0852008361082355,8.543176507160052,MOTOR_002
9.75,0.36900061785193683,5.202764999999999,8.251240926706808,8.212905675658757,MOTOR_002
10.0,0.36710604089297394,5.202764999999999,8.293824292822398,7.692116935994931,MOTOR_002
10.25,0.3506505591790611,4.583548,6.834499296424069,7.548862169699467,MOTOR_002
10.5,0.35025613850004883,4.583548,6.84219557225452,7.3084983714772465,MOTOR_002
10.75,0.38190740467800616,7.256608,10.01569216293408,11.30458789288946,MOTOR_002
11.0,0.38834430400488884,7.256608,9.849679679998207,11.765157908109815,MOTOR_002
11.25,0.39641046497908783,7.214218,9.125717708261911,10.51671228627751,MOTOR_002
11.5,0.40136807159748966,7.214218,9.012998930387829,10.433233359694942,MOTOR_002
11.75,0.39971575937175985,8.895337000000001,13.182855257651084,14.840244142189945,MOTOR_002
12.0,0.4005288266780994,8.895337000000001,13.156094265931463,14.891409588911321,MOTOR_002
12.25,0.3586431145836917,5.440733,7.714892291217619,8.358451749384262,MOTOR_002
12.5,0.3906269177206216,9.907979000000001,12.949207467616786,18.56721052491373,MOTOR_002
12.75,0.39430929490389094,9.907979000000001,12.828277358343566,17.378831211012944,MOTOR_002
13.0,0.3521344697860385,5.6926950000000005,8.624162814407914,7.623181808789148,MOTOR_002
13.25,0.36256260929794043,5.6926950000000005,8.376111937964396,7.822921578588844,MOTOR_002
13.5,0.3609875928485296,4.14954,6.093001653170139,6.099899076792628,MOTOR_002
13.75,0.3525148061801286,4.543971,6.851054076763883,6.423355029350227,MOTOR_002
14.0,0.36023289242477047,4.718065,6.704268407428561,6.311791166110078,MOTOR_002
14.25,0.3619400802943622,4.145815000000001,6.362840495937948,5.763584106789932,MOTOR_002
14.5,0.35841166628267923,4.303879,6.215712850828208,5.8805747184012,MOTOR_002
14.75,0.36075020363841875,6.5236149999999995,9.748537809627651,8.714851784775613,MOTOR_002
15.0,0.34888895595160524,6.5236149999999995,10.079960801303832,9.845231841533076,MOTOR_002
15.25,0.35675733373967,5.946263999999999,8.590783454605697,10.094573272437716,MOTOR_002
15.5,0.3492282382172984,5.946263999999999,8.775994219840236,9.481214017249826,MOTOR_002
15.75,0.3387060199407225,6.07609,10.17234651041334,9.858360349561705,MOTOR_002
16.0,0.3663974147651335,6.582264,9.403546152771241,10.427809823104795,MOTOR_002
16.25,0.3552178008818878,5.5345189999999995,8.83072017284127,7.49553419704764,MOTOR_002
16.5,0.3561676068774491,5.2993749999999995,7.4801861498783175,6.996989983244795,MOTOR_002
16.75,0.3533214507369194,5.2993749999999995,7.5404422642421,7.079155609200583,MOTOR_002
17.0,0.32243283524103844,3.377974,5.722094025010683,5.224097175014481,MOTOR_002
17.25,0.3302237331732533,3.377636,5.586070335629677,5.676706880933064,MOTOR_002
17.5,0.34421672664975206,4.0288319999999995,6.081845645258703,6.258346247366222,MOTOR_002
17.75,0.34184495649634605,4.0288319999999995,6.124042377154033,5.738861009130758,MOTOR_002
18.0,0.3274312576598972,3.546933,5.773608828646471,5.127339469465853,MOTOR_002
18.25,0.3300642727686174,3.6447070000000004,6.056986971751049,5.671113506890825,MOTOR_002
18.5,0.3344585761842857,4.192976,6.530267589241201,6.078077642885478,MOTOR_002
18.75,0.3515772829003703,4.496347,6.69514816367426,6.724024454053976,MOTOR_002
19.0,0.3594008605661501,4.496347,6.549405575412516,6.577193969660308,MOTOR_002
19.25,0.36001973214252453,4.872806000000001,7.092314037357184,6.688493894500816,MOTOR_002
19.5,0.3505445192232106,4.606561,7.284019175818663,6.774338119110176,MOTOR_002
19.75,0.35117000158775874,5.116278,8.14277127052779,7.24151729015457,MOTOR_002
20.0,0.3561775011009635,5.116278,8.028292048658725,7.058997952319929,MOTOR_002
20.25,0.3422494966553917,4.61397,7.605027985244213,6.549040442535352,MOTOR_002
20.5,0.3409548577276919,4.8479,7.6339050199976155,7.052631026473144,MOTOR_002
20.75,0.3366288722447779,4.086637,6.669312067704936,5.890999747632113,MOTOR_002
21.0,0.32983139381319776,3.898956,6.293927864173292,5.807810379010296,MOTOR_002
21.25,0.3092906575559928,3.914595,6.711922747372933,6.281171309378123,MOTOR_002
21.5,0.3081558589802178,4.164841,6.852821189213748,6.308258845964484,MOTOR_002
21.75,0.31844142901761013,4.164841,6.63147696113127,6.057415878196504,MOTOR_002
22.0,0.3220114030022283,3.456068,5.4219601657644345,5.328424329677737,MOTOR_002
22.25,0.3360806266800829,3.923395,6.168127036888947,5.9513854015949,MOTOR_002
22.5,0.33248618973171673,4.03078,6.33343899696753,6.810996189619467,MOTOR_002
22.75,0.3194649936145614,4.16469,6.591586064483334,6.500181872179505,MOTOR_002
23.0,0.33824264201022985,4.345542,6.9009099093112125,6.5143990265336384,MOTOR_002
23.25,0.3517305008950843,4.345542,6.636279748443682,6.953779191845093,MOTOR_002
23.5,0.33539521934616573,4.048283,6.233935009795191,6.552812601588766,MOTOR_002
23.75,0.32943168990299776,5.239524,8.68289568876103,8.115320818019994,MOTOR_002
24.0,0.3364576758002136,5.239524,8.501577481318927,7.723207726170348,MOTOR_002
24.25,0.32646293310438956,5.171189,8.552949559842254,7.467685931190511,MOTOR_002
24.5,0.33590984570772575,5.171189,8.312411903607922,7.4240793399811285,MOTOR_002
24.75,0.3388776943806633,4.099529,6.4118855741482665,6.050291313835659,MOTOR_002
25.0,0.325443278590368,4.1341920000000005,6.899355886916925,6.266041757676163,MOTOR_002
25.25,0.32928043444459465,4.1726220000000005,6.818956625185717,6.293710997344121,MOTOR_002
25.5,0.3299277853526219,3.8015309999999998,5.859561048893746,6.015298471464803,MOTOR_002
25.75,0.33371404410034666,4.182644,6.389425430830363,6.508804371607106,MOTOR_002
26.0,0.33784651505100133,4.348067,6.521742571970536,7.492803404288754,MOTOR_002
26.25,0.3411641173835613,4.627172,6.9990772133735994,7.47387531075149,MOTOR_002
26.5,0.34566266116745437,6.146542,10.414277862242354,9.072456403852113,MOTOR_002
26.75,0.341784636455911,6.146542,10.532442409723014,9.267394656725099,MOTOR_002
27.0,0.336665325388287,5.162931,8.170687007423258,8.884332696966627,MOTOR_002
27.25,0.33906484392539027,5.162931,8.11286410042941,8.694025251037688,MOTOR_002
27.5,0.33461874952994175,5.786812,10.073954327829345,9.80551951493009,MOTOR_002
27.75,0.32669372952206227,5.786812,10.318330887254922,9.867815893070665,MOTOR_002
28.0,0.32061794696102397,4.265008,7.229333298306507,6.460898761392926,MOTOR_002
28.25,0.3328072655004387,4.965287999999999,7.929478330443844,8.03067377055766,MOTOR_002
28.5,0.3251989677728152,4.965287999999999,8.114995007744316,7.989410480408749,MOTOR_002
28.75,0.3176638246863976,4.7132819999999995,7.485388058736105,6.5973146089307475,MOTOR_002
29.0,0.3222526920885012,4.7132819999999995,7.378796386740402,6.645080200133805,MOTOR_002
29.25,0.3203457652421031,4.196318,7.227827713752109,6.3634939026999024,MOTOR_002
29.5,0.3275515281658662,4.583823000000001,7.012432556372855,7.049185027026216,MOTOR_002
29.75,0.33910397695381705,4.944624,7.3655874591531685,8.695188712797352,MOTOR_002
30.0,0.33808178820991897,5.189711,7.867371425367904,9.2831334147871,MOTOR_002
30.25,0.3448442149172036,6.7642310000000005,11.5338979978393,11.685850071695032,MOTOR_002
30.5,0.35345915276580914,6.7642310000000005,11.252779759349727,11.699081359080958,MOTOR_002
30.75,0.33450066405854734,5.395649000000001,8.428584164205214,8.850960928205366,MOTOR_002
31.0,0.36273215012078125,8.004732,12.43621498259236,14.703902518167018,MOTOR_002
31.25,0.36213470523902874,8.004732,12.45673207991066,14.787588580562076,MOTOR_002
31.5,0.3395484277369883,8.157779999999999,13.89400337219139,14.480626629429361,MOTOR_002
31.75,0.3490968127408415,8.157779999999999,13.513979010465107,15.67107953943313,MOTOR_002
32.0,0.32857425786117267,6.257508,10.504684762792152,9.816238151405738,MOTOR_002
32.25,0.34647415700255696,5.204447,8.31975471111032,8.04186574274355,MOTOR_002
32.5,0.3503136386394894,5.204447,8.228569150761745,8.373827983349862,MOTOR_002
32.75,0.32382946565462356,5.686862,9.62990194143093,9.942249421212884,MOTOR_002
33.0,0.3453427679292973,5.686862,9.0300023327503,10.201106760572547,MOTOR_002
33.25,0.35220831090636245,5.3382439999999995,8.199690099782453,8.811260747776762,MOTOR_002
33.5,0.36715383492355774,6.289181,9.438866410646447,10.21928675863155,MOTOR_002
33.75,0.39073828590481186,7.988961,12.06585371864104,12.89035432507259,MOTOR_002
34.0,0.3588995334373357,7.988961,13.136241651936206,12.702067992504453,MOTOR_002
34.25,0.3439001657729473,8.27736,14.01218574340992,16.07555676974489,MOTOR_002
34.5,0.3659767328733215,8.27736,13.166938133381196,15.259642395900196,MOTOR_002
34.75,0.34488801642262107,5.031652,7.474904540727643,8.135291663223859,MOTOR_002
35.0,0.34184381314373913,5.888938,9.82393090316927,8.814050573463739,MOTOR_002
35.25,0.3465971874455809,5.888938,9.68920153319847,8.567200812413912,MOTOR_002
35.5,0.32616578066188306,4.609857,7.08805195722414,7.487469105305479,MOTOR_002
35.75,0.3358807415050543,4.812014,7.216617985117568,8.600141151525685,MOTOR_002
36.0,0.34451227237306875,4.812014,7.035810316142117,7.779242096065565,MOTOR_002
36.25,0.34627343834652113,4.587204,6.843005375505452,7.532917315720427,MOTOR_002
36.5,0.3724535917650476,8.108391,11.932313443237044,15.256082302803204,MOTOR_002
36.75,0.3804070658764306,8.108391,11.682835043457475,16.896017159389785,MOTOR_002
37.0,0.37375986091838437,8.707023,13.584508479653755,19.41443815619798,MOTOR_002
37.25,0.39603353225567056,8.707023,12.820490151632358,16.86673805080224,MOTOR_002
37.5,0.38541956608447225,6.354971,8.346916667159853,11.017134484335203,MOTOR_002
37.75,0.38143528755443745,8.495665,12.067205500338225,15.958152108866349,MOTOR_002
38.0,0.3855368938400082,8.495665,11.938826279775222,15.135693709912015,MOTOR_002
38.25,0.3818193327869043,9.157058,12.5490974095703,17.14403449204381,MOTOR_002
38.5,0.38214238258094047,9.157058,12.538488841878534,19.317329019245683,MOTOR_002
38.75,0.33556178213260895,7.443869,11.91014356462265,14.283738771625112,MOTOR_002
39.0,0.33356352899677616,5.969133,9.351256144163612,11.329641821760811,MOTOR_002
39.25,0.3655855686343193,5.949579,8.532169395121967,9.219097418606625,MOTOR_002
39.5,0.365199983299197,5.1944870000000005,7.488869455285141,8.284460263713262,MOTOR_002
39.75,0.3651562623314733,7.735129000000001,11.22557771247812,15.062474886040174,MOTOR_002
40.0,0.3969530497394216,7.735129000000001,10.326384953310809,15.612036483502338,MOTOR_002
40.25,0.39413957453820764,7.496226,9.862046978038727,14.845675203471654,MOTOR_002
40.5,0.41063645501781926,11.786315,15.989578907978537,31.440602829909118,MOTOR_002
40.75,0.41778315713249486,11.786315,15.716057212707842,27.497230000527097,MOTOR_002
41.0,0.3889246585399052,11.385575,15.796110802189347,27.418199671519986,MOTOR_002
41.25,0.3777631154756146,11.385575,16.262829133715613,29.892768918144796,MOTOR_002
41.5,0.34437317045697136,7.125736,10.668554681901544,15.544093283772483,MOTOR_002
41.75,0.3309761345994912,7.125736,11.10038947202584,15.188078992827773,MOTOR_002
42.0,0.3403097916475421,4.653662000000001,6.873537163522561,8.756152649586548,MOTOR_002
42.25,0.3468194554243589,4.571815,7.048134012577414,9.119447756740193,MOTOR_002
42.5,0.33605030122547336,5.644880000000001,8.900896648782007,10.242292423500471,MOTOR_002
42.75,0.33859170130433114,5.644880000000001,8.834088338483854,9.267390988833368,MOTOR_002
43.0,0.3407701601113946,4.67848,7.290162962590138,7.950946718565471,MOTOR_002
43.25,0.34866520116408184,6.4637720000000005,9.296104082594345,11.166514486161509,MOTOR_002
43.5,0.357800637189793,6.4637720000000005,9.058754130392204,10.912295493730381,MOTOR_002
43.75,0.3610964834376385,7.054453,10.370181299887125,11.8204209668884,MOTOR_002
44.0,0.33976616916486013,7.054453,11.02121499972836,13.013629987536476,MOTOR_002
44.25,0.34216424591203254,8.228891,14.961899325145037,19.60751080166305,MOTOR_002
44.5,0.3416306405481957,8.228891,14.985268861672186,19.89913540402835,MOTOR_002
44.75,0.31342323199311,4.507167,8.077065582859062,7.904973313312545,MOTOR_002
45.0,0.3640314507784178,7.5445720000000005,12.318160945740606,15.398078486226348,MOTOR_002
45.25,0.35755525358965956,7.5445720000000005,12.541272866168516,15.961531790283425,MOTOR_002
45.5,0.3171437654905885,4.884156000000001,8.645624787101069,8.365408281327896,MOTOR_002
45.75,0.34854281110445295,5.203206,7.866769626696713,9.872280472705157,MOTOR_002
46.0,0.3291590369915628,4.910032,7.477540408720692,9.100889730379443,MOTOR_002
46.25,0.31780891087099433,4.186031,6.9630300608476965,6.739213388062978,MOTOR_002
46.5,0.3505313213402969,4.569343999999999,6.586538376006123,8.021295642047088,MOTOR_002
46.75,0.33511077186011956,4.569343999999999,6.889626338134317,8.336221220753956,MOTOR_002
47.0,0.3363937497002079,5.960922999999999,9.3486011639712,10.073363337901998,MOTOR_002
47.25,0.3350899163071846,5.960922999999999,9.38497653005195,9.875360630323279,MOTOR_002
47.5,0.32938796984722607,5.489654,9.093292026995455,8.38310781766542,MOTOR_002
47.75,0.37785715931338326,6.797397,10.052759108501192,12.609647825181996,MOTOR_002
48.0,0.376895091192432,6.797397,10.078419933733203,12.973263960265541,MOTOR_002
48.25,0.3643880661364049,6.969668,10.909166269215678,13.286459306326389,MOTOR_002
48.5,0.3570332767120808,6.969668,11.133892158757126,14.648213380507748,MOTOR_002
48.75,0.3196134211608369,6.097737,10.161409956453832,9.794001405009576,MOTOR_002
49.0,0.34163328828514516,7.229381,12.866860902416152,13.529395815537551,MOTOR_002
49.25,0.35824017095540583,7.229381,12.270393876478995,12.695417389593427,MOTOR_002
49.5,0.35544108568351224,5.891757,9.204920679634782,9.1704785002751,MOTOR_002
49.75,0.38362408137689524,6.469118,9.069164760232752,11.78373522113614,MOTOR_002
50.0,0.3766164615463749,6.469118,9.23791271819273,10.575658491276208,MOTOR_002
50.25,0.3467042247599871,4.276533,6.656397110815772,6.433419532486975,MOTOR_002
50.5,0.35319550807405325,4.965287999999999,7.280525774582765,7.0066545303677,MOTOR_002
50.75,0.35497309120432513,4.965287999999999,7.244067405999107,7.262678536181424,MOTOR_002
51.0,0.35065644272249635,3.846508,5.5201837586993125,6.4717172110263315,MOTOR_002
51.25,0.3631959051055618,5.7686329999999995,8.135785559424662,8.192042603988599,MOTOR_002
51.5,0.36857568373180494,5.7686329999999995,8.017034575048442,7.593835831078692,MOTOR_002
51.75,0.36404137574117207,6.141102999999999,8.474388367857966,9.943992027213168,MOTOR_002
52.0,0.36821216103539034,6.141102999999999,8.378397908762947,10.658852616982447,MOTOR_002
52.25,0.39864963359988526,6.817954,9.071976229708094,9.244189888608283,MOTOR_002
52.5,0.3968668444466428,6.817954,9.11272899363159,10.000275360346839,MOTOR_002
52.75,0.4114136963178374,9.010143,12.710865114125932,16.366298787514026,MOTOR_002
53.0,0.4094552597827942,9.010143,12.771661555340819,16.520278680517134,MOTOR_002
53.25,0.356135578353458,5.694414999999999,8.479093871949509,8.32748535958078,MOTOR_002
53.5,0.39077159240125175,9.481076999999999,13.632285722883411,16.440578458016493,MOTOR_002
53.75,0.38625224731131863,9.481076999999999,13.791790305640239,16.64071607945088,MOTOR_002
54.0,0.3700018897603145,7.31781,10.277115077610212,10.465263551368249,MOTOR_002
54.25,0.400509339406309,7.31781,9.494290459335293,8.76456336528016,MOTOR_002
54.5,0.37418915467948766,3.754693,5.27390485619593,5.552424444514246,MOTOR_002
54.75,0.37028020362309405,5.098979,7.189703834963433,7.200628822569659,MOTOR_002
55.0,0.3749918919964427,5.098979,7.099366831177392,7.4710601501045755,MOTOR_002
55.25,0.3514014262960813,4.1401509999999995,6.010220340484579,6.133987699790545,MOTOR_002
55.5,0.34457473191162413,4.251489,6.316754533696478,6.281248380471785,MOTOR_002
55.75,0.33021335370163524,4.251489,6.5914778297144965,6.366770798036924,MOTOR_002
56.0,0.3227495234558184,4.173471,6.911610514911778,6.147923123617672,MOTOR_002
56.25,0.3635867407353359,5.626168,7.842582472157999,8.918581659812247,MOTOR_002
56.5,0.356481052299233,5.626168,7.9989076042293075,9.184375866046961,MOTOR_002
56.75,0.33781466582064734,5.248086000000001,8.467344048107849,7.699476472696608,MOTOR_002
57.0,0.36896924108950163,5.328429,7.752388767025024,7.8975370747960705,MOTOR_002
57.25,0.36022322840868565,5.456443,8.531581968149109,7.740432216042123,MOTOR_002
57.5,0.3600348452730496,5.629319000000001,8.536045997629024,7.174393162099866,MOTOR_002
57.75,0.3485550060809172,5.203169,7.59456600484306,6.619415669411668,MOTOR_002
58.0,0.3297789628230288,3.8324670000000003,5.879950568710417,5.897089032191173,MOTOR_002
58.25,0.32813744844841203,3.5994070000000002,5.538858818443389,5.439251995000253,MOTOR_002
58.5,0.32944839974993484,4.717145,7.194249544994091,6.104371623293405,MOTOR_002
58.75,0.3379039494836691,4.717145,7.014224023192569,6.093975549130108,MOTOR_002
59.0,0.33901549069107245,3.831367,6.080436017239148,5.451530370935731,MOTOR_002
59.25,0.3511727800537844,3.735846,5.86993672939084,5.327842484835939,MOTOR_002
59.5,0.36100608474032386,4.841406,6.764323658856148,6.95366759756723,MOTOR_002
59.75,0.34871561401730317,4.841406,7.002732031032115,7.555507821673158,MOTOR_002
60.0,0.3430009323347305,4.02454,6.196335926941147,6.208227345119007,MOTOR_002
60.25,0.34243372554453216,4.179531,6.206599529939134,6.811196223894396,MOTOR_002
60.5,0.3245704718276911,4.069583,6.32892446571828,6.448676837766577,MOTOR_002
60.75,0.3425428926352235,5.081122000000001,7.595440033755534,7.373108698815775,MOTOR_002
61.0,0.34524912807012725,5.081122000000001,7.535903173871385,7.274553317861088,MOTOR_002
61.25,0.3352575688701321,5.514355,8.394554698600057,7.353139802582865,MOTOR_002
61.5,0.3525912528663658,5.514355,7.981871294653617,7.135182003408809,MOTOR_002
61.75,0.340018834865995,3.916018,6.070122558985378,5.49008528115627,MOTOR_002
62.0,0.3267889225011014,4.347995,7.570571796207877,6.3224828031050455,MOTOR_002
62.25,0.32418694264174586,4.347995,7.631334500519834,6.5236730495453354,MOTOR_002
62.5,0.3184696497134325,3.948341,6.836174191038378,5.974318188388848,MOTOR_002
62.75,0.3352056825843461,4.412082,6.941973602772895,6.704893841106479,MOTOR_002
63.0,0.33277730958013646,4.412082,6.992631207145557,6.118868085712673,MOTOR_002
63.25,0.3140397765662271,3.380617,5.951994427068434,5.51930473253342,MOTOR_002
63.5,0.31731288183210765,4.124394,6.53823755285712,6.4935971526071325,MOTOR_002
63.75,0.3232428955138494,4.124394,6.418291101810498,6.650396064224298,MOTOR_002
64.0,0.3430040571566505,4.124262,6.905964960403303,6.776375449812214,MOTOR_002
64.25,0.34719647806490794,5.6173079999999995,8.614119638163135,8.182832237251054,MOTOR_002
64.5,0.32584577870689035,5.6173079999999995,9.178550699256784,8.211186795967839,MOTOR_002
64.75,0.33603749272989114,5.060596,7.568950057737874,7.534718475666764,MOTOR_002
65.0,0.3419889546581658,5.060596,7.437231423284708,7.091926644446697,MOTOR_002
65.25,0.3199505989513647,4.57196,7.311278702608669,7.47357976771268,MOTOR_002
65.5,0.3326073253327386,4.57196,7.033062178230225,7.63563105482381,MOTOR_002
65.75,0.3374993522033511,3.931199,5.878236467857438,5.979037959726015,MOTOR_002
66.0,0.3299105398507001,3.81284,5.902503147917744,6.002879907129689,MOTOR_002
66.25,0.3442034531477815,5.181511,8.718337868364124,7.337982754784012,MOTOR_002
66.5,0.33298411186390336,5.181511,9.012087643468451,7.4428326725547045,MOTOR_002
66.75,0.3302339645439306,5.007596,8.206914766453302,7.987597951690391,MOTOR_002
67.0,0.3393931529128067,5.657248,8.683280657571556,8.579388089502539,MOTOR_002
67.25,0.3347388575973394,5.170463,8.8040152289252,7.325012015958166,MOTOR_002
67.5,0.34518487151212324,7.285413,12.044797855093654,11.329163447413,MOTOR_002
67.75,0.34262004365029824,7.285413,12.134964305368015,11.927319320987074,MOTOR_002
68.0,0.32958285355853334,4.840669,8.000352480508251,8.83582336393975,MOTOR_002
68.25,0.3289434534187139,4.840669,8.015903562134827,8.520164499165912,MOTOR_002
68.5,0.33552506562433476,4.83791,8.133386383285684,8.971779268949605,MOTOR_002
68.75,0.33634200590850083,4.829718,8.113631220783022,8.470496277063475,MOTOR_002
69.0,0.31880809358701395,3.966282,6.314736170430786,6.085826177003363,MOTOR_002
69.25,0.3153916777653906,4.738246999999999,7.909466786424324,7.607549510113108,MOTOR_002
69.5,0.31445986037963375,4.738246999999999,7.932904368107274,7.551755574999147,MOTOR_002
69.75,0.3227211974679255,4.101719,7.095833858969227,6.355634177750352,MOTOR_002
70.0,0.33607441699823665,4.121831,6.813895626015517,5.8939037690074505,MOTOR_002
70.25,0.3346518127214856,4.725346,7.714630257056566,7.230638732749557,MOTOR_002
70.5,0.3349477041993496,4.725346,7.707815183182895,8.427213076904067,MOTOR_002
70.75,0.343862805775923,5.551292,8.090415576417055,10.095106977758217,MOTOR_002
71.0,0.34303878437670043,6.097007,9.663671138595486,11.012897996244318,MOTOR_002
71.25,0.3568590048102792,7.555349,11.88652364889915,12.470949427965481,MOTOR_002
71.5,0.37222002369796414,7.555349,11.395982832567855,12.291818465220073,MOTOR_002
71.75,0.34735497991154113,6.151997,8.952763541181852,8.528814907517473,MOTOR_002
72.0,0.3635132780076381,6.671879000000001,9.328897196235966,10.68821848373543,MOTOR_002
72.25,0.3484332606610739,6.671879000000001,9.732647203559159,11.714402612220933,MOTOR_002
72.5,0.3162365609904279,6.467516,11.970339508323267,9.774935293332454,MOTOR_002
72.75,0.3470574914578817,6.467516,10.907296609845394,9.36323485378873,MOTOR_002
73.0,0.35047884966563586,4.649367,7.115345198088604,6.734983088466302,MOTOR_002
73.25,0.3401354243082033,4.846503,7.14282555232635,7.367187651852016,MOTOR_002
73.5,0.35419371791896326,5.009902,7.320646496031986,7.711094397885151,MOTOR_002
73.75,0.3603110858319377,6.279112,8.737530217064844,9.338282798415468,MOTOR_002
74.0,0.35688749488781546,6.601699,9.676634932489211,12.484192086801672,MOTOR_002
74.25,0.3515562883947962,6.308237,9.823377120541698,11.148923931455382,MOTOR_002
74.5,0.36163122955722843,7.307843999999999,11.579240557091705,12.648278531637574,MOTOR_002
74.75,0.40422751891091113,9.229641,12.980808466819019,19.03374047150889,MOTOR_002
75.0,0.3777892965523493,9.229641,13.889223564259739,18.551126810877665,MOTOR_002
75.25,0.36795972120762843,8.185912,12.507483114987716,12.209240444527044,MOTOR_002
75.5,0.3703155805169795,8.185912,12.427913493607326,12.782693330244632,MOTOR_002
75.75,0.326179377206556,5.357742999999999,8.325989286196402,6.636059741603993,MOTOR_002
76.0,0.3475148564287094,5.587371,8.291412429416813,8.173346743419952,MOTOR_002
76.25,0.3519930963740255,5.587371,8.185924751598694,9.125899677649876,MOTOR_002
76.5,0.3319164103008996,4.948829,7.7009359003454865,8.74622425782707,MOTOR_002
76.75,0.3405370607150401,7.2848619999999995,12.311112309470989,13.179746569836068,MOTOR_002
77.0,0.349643814488076,7.2848619999999995,11.99045950845206,13.663512493859656,MOTOR_002
77.25,0.37059630174989994,6.994104,9.831946467881837,12.468415115190536,MOTOR_002
77.5,0.4054148628201186,9.49915,13.970422693933198,18.278840176823515,MOTOR_002
77.75,0.3786159736770063,9.49915,14.95926583602558,19.14412058144537,MOTOR_002
78.0,0.3513786985449433,7.704681,12.110748368133372,13.721192168408262,MOTOR_002
78.25,0.35828364771645227,7.704681,11.877346418466173,13.710277422956205,MOTOR_002
78.5,0.3280561888855677,5.792092,9.001348244736347,8.221098955979885,MOTOR_002
78.75,0.35762972308344776,8.24311,12.49555535113415,14.671467224521612,MOTOR_002
79.0,0.36915776363769714,8.24311,12.1053447609077,13.274543232228766,MOTOR_002
79.25,0.34599256884683866,5.494954999999999,8.24509904795912,7.83820061106507,MOTOR_002
79.5,0.3562581419241166,5.518827,8.074524232523288,9.304353447762779,MOTOR_002
0.0,0.13633440858578816,1.3712119999999999,5.88400249299664,3.7246682726665963,MOTOR_003
0.25,0.13821395194604633,1.381482,5.8039871424351315,3.8635061224957856,MOTOR_003
0.5,0.13816103418090697,1.185919,4.390738702821844,3.4782468014007852,MOTOR_003
0.75,0.1376335887985896,1.133006,4.301406402083637,3.416635243160071,MOTOR_003
1.0,0.14075789838463196,1.24,4.644052003488637,3.686043558500189,MOTOR_003
1.25,0.14556390412172543,1.291503,4.4907218169510275,3.7449497319145473,MOTOR_003
1.5,0.14279847657329672,1.154983,4.466546249690674,3.710217182978771,MOTOR_003
1.75,0.13713682941558178,1.1036899999999998,4.510888888391584,3.494399854666636,MOTOR_003
2.0,0.1372668429840515,1.2737690000000002,4.954670663468377,3.5340575031240697,MOTOR_003
2.25,0.13819413779473608,1.2531020000000002,4.921424387843361,3.610614456571853,MOTOR_003
2.5,0.13826987109904673,1.2128830000000002,4.627855619693361,3.5232519079955855,MOTOR_003
2.75,0.1361885078084505,1.146192,4.698582944311361,3.558505532475077,MOTOR_003
3.0,0.13498760581085908,1.37609,5.616197097845062,3.701976738839599,MOTOR_003
3.25,0.13792431427765647,1.37609,5.496616053307534,3.8087924213137763,MOTOR_003
3.5,0.13717714528760203,1.136989,4.16789545227308,3.5149515086523144,MOTOR_003
3.75,0.13375455867363456,1.139143,4.509603306095747,3.332102368878209,MOTOR_003
4.0,0.1363448872319375,1.3403360000000002,5.406554033419805,3.4433534679430333,MOTOR_003
4.25,0.1392426995292406,1.37464,5.294036976388836,3.4947607753359167,MOTOR_003
4.5,0.1381202821445361,1.451349,5.892436558653495,3.707678439417387,MOTOR_003
4.75,0.13640394246991588,1.397942,5.966579742953538,3.6012743161899383,MOTOR_003
5.0,0.13574760089799975,1.116989,4.302669042665979,3.297551713204663,MOTOR_003
5.25,0.13294134818294964,1.0545460000000002,4.008624910788655,3.2270225521039553,MOTOR_003
5.5,0.13424658600981862,1.013453,3.841043674379073,3.171210737660508,MOTOR_003
5.75,0.13472450233430397,1.1174840000000001,4.388800773097729,3.2653006006611656,MOTOR_003
6.0,0.13312881472248034,1.182057,4.441405125048076,3.287833244290927,MOTOR_003
6.25,0.13629517664692,1.154864,4.3345481075272545,3.205241588266585,MOTOR_003
6.5,0.13761005418553773,1.244072,4.697418395958566,3.341750030181303,MOTOR_003
6.75,0.13926693899237896,1.2837269999999998,4.6415323311972365,3.569218386484952,MOTOR_003
7.0,0.1405025023541467,1.159864,4.53596903486887,3.3984293140732085,MOTOR_003
7.25,0.14120363736282254,1.146875,4.154914214373271,3.2692125997880126,MOTOR_003
7.5,0.13992923103188537,1.146875,4.192755121096266,3.272511285438506,MOTOR_003
7.75,0.13937389179468568,1.2534990000000001,4.6388960778424115,3.3864801240548204,MOTOR_003
8.0,0.14334695403886247,1.3093569999999999,4.623858277590645,3.4939571521961375,MOTOR_003
8.25,0.14208136351984335,1.229709,4.66504532036976,3.440218798491,MOTOR_003
8.5,0.1382272273416561,1.231557,4.626042294977707,3.3590926703302224,MOTOR_003
8.75,0.14278375081778652,1.3800189999999999,5.535734952142318,3.529359171220118,MOTOR_003
9.0,0.1443802616855811,1.3800189999999999,5.474522561271522,3.531489301982222,MOTOR_003
9.25,0.14040073398436614,1.135961,4.347990090051637,3.321911518407313,MOTOR_003
9.5,0.1394457525748091,1.298254,4.932333809385959,3.4879721275389444,MOTOR_003
9.75,0.14069201127245687,1.3264740000000002,4.888642885828504,3.6340824893421875,MOTOR_003
10.0,0.14195024631066028,1.2036730000000002,4.499329987791898,3.626886680324873,MOTOR_003
10.25,0.1399992530505239,1.138104,4.135300634718876,3.663779198960783,MOTOR_003
10.5,0.14207915154581882,1.2796509999999999,5.205169033976849,3.7977677851806453,MOTOR_003
10.75,0.14371255815031833,1.50516,5.3273980357318145,4.075812338572505,MOTOR_003
11.0,0.14072559845163965,1.427963,5.440474287718899,3.934720891773473,MOTOR_003
11.25,0.14429719319144432,1.276901,4.558799692848105,3.6543428075508917,MOTOR_003
11.5,0.14484729265905394,1.2724769999999999,4.541486333116366,3.6946662076920247,MOTOR_003
11.75,0.14126177680202587,1.20934,4.400525139020375,3.4012550004641757,MOTOR_003
12.0,0.14013033033979921,1.204023,4.43605605219535,3.29310471232934,MOTOR_003
12.25,0.137220554418387,1.1342,4.244240248616582,3.3266993867047145,MOTOR_003
12.5,0.1366255032022467,1.2899639999999999,5.079615326083481,3.4093964184895222,MOTOR_003
12.75,0.13803055573540454,1.2899639999999999,5.027908467820428,3.477233654458419,MOTOR_003
13.0,0.13982876846240636,1.133038,4.163170472008474,3.3220115811018918,MOTOR_003
13.25,0.14176054494350146,1.209224,4.3826792585173475,3.4285832539369485,MOTOR_003
13.5,0.14181993719970407,1.209716,4.380843852194968,3.4675812017567016,MOTOR_003
13.75,0.14020741131633654,1.183463,4.243983926480696,3.3103047746361125,MOTOR_003
14.0,0.14040542317752813,1.328241,4.82333933172739,3.3292299253191473,MOTOR_003
14.25,0.14054821530174041,1.460161,5.570600795742049,3.5704624223901833,MOTOR_003
14.5,0.13880326334098517,1.388245,5.640631071307225,3.5872537066883456,MOTOR_003
14.75,0.14055321357791592,1.1800359999999999,4.574075424064258,3.377737249052088,MOTOR_003
15.0,0.1414791332187246,1.282533,4.712843405459554,3.524144469829448,MOTOR_003
15.25,0.1389327387294361,1.2731919999999999,4.916839661027048,3.602365198192447,MOTOR_003
15.5,0.13708128609594017,1.355076,5.071275735722679,3.5012113778097143,MOTOR_003
15.75,0.13693611000581438,1.355076,5.076652169909621,3.487345317454782,MOTOR_003
16.0,0.1362360841209539,1.1553930000000001,4.248074243576899,3.4335115010373607,MOTOR_003
16.25,0.13655763981460312,1.098981,4.29191659138008,3.457001813628854,MOTOR_003
16.5,0.13920614230585965,1.161123,4.210259621391213,3.3697554947192754,MOTOR_003
16.75,0.13891927670851065,1.149444,4.139303152337618,3.24279518062469,MOTOR_003
17.0,0.13701044869701545,1.129354,4.192490466696156,3.2656376528311335,MOTOR_003
17.25,0.1368932259301346,1.133492,4.226308468289532,3.3541178964563536,MOTOR_003
17.5,0.13583087922720527,1.108392,4.268381411491869,3.320536661318747,MOTOR_003
17.75,0.13540841343777488,1.124648,4.281698494801649,3.334776157542673,MOTOR_003
18.0,0.13288424778070432,1.117333,4.307982394909004,3.4644051091636605,MOTOR_003
18.25,0.13406098086140922,1.085849,4.186370981278978,3.4038194619398348,MOTOR_003
18.5,0.13579017848981106,1.077688,4.072960254938461,3.259268244155407,MOTOR_003
18.75,0.13423721901475108,1.232374,5.006160027243664,3.512881036942348,MOTOR_003
19.0,0.1397872088764352,1.234417,4.807399800034818,3.6415818489853353,MOTOR_003
19.25,0.13961078346371117,1.261914,4.611749780541523,3.4618021003359654,MOTOR_003
19.5,0.13513474382289792,1.177385,4.573686844073271,3.4399097035774533,MOTOR_003
19.75,0.13555106431397587,1.152474,4.364303614980948,3.420993689187588,MOTOR_003
20.0,0.13830953910141242,1.141703,4.277261017884187,3.262516242821384,MOTOR_003
20.25,0.14378950877196892,1.353522,5.1005737919523,3.540281437252898,MOTOR_003
20.5,0.14432422900177266,1.3580109999999999,5.0816762027600495,3.660162344882934,MOTOR_003
20.75,0.14280903996062014,1.234092,4.373686708994299,3.316204919233776,MOTOR_003
21.0,0.14490324995341244,1.139191,3.990614428495655,3.2418511529862695,MOTOR_003
21.25,0.14486915624877678,1.099696,3.991553585133016,3.176463381845353,MOTOR_003
21.5,0.14182024889956607,1.089254,4.003737156053865,3.1074202841784353,MOTOR_003
21.75,0.139619057562532,1.075238,4.066858850882094,3.0909382762493762,MOTOR_003
22.0,0.14009777108808424,1.151669,4.19384259604379,3.186184318896844,MOTOR_003
22.25,0.13995655744856508,1.151669,4.198074107502448,3.280250305190896,MOTOR_003
22.5,0.13916478514097236,1.217503,4.7034025118994744,3.2868766714319038,MOTOR_003
22.75,0.14172735497206204,1.24364,4.618360373189971,3.4542687852085345,MOTOR_003
23.0,0.14216046183966818,1.214621,4.400161563244539,3.452852613558548,MOTOR_003
23.25,0.13987296781535155,1.1461700000000001,4.20553026926936,3.3764171386411785,MOTOR_003
23.5,0.14017560093599027,1.158172,4.196450709482699,3.2961814172793957,MOTOR_003
23.75,0.14117575972008306,1.130682,4.037038661099013,3.259864723850588,MOTOR_003
24.0,0.14067837028744548,1.137117,4.09705485514454,3.3294889640345424,MOTOR_003
24.25,0.14044976068470846,1.1669779999999998,4.205140664681125,3.3176283236199318,MOTOR_003
24.5,0.13922437837015694,1.164634,4.242152178476516,3.1112357334662457,MOTOR_003
24.75,0.14160125558731462,1.271553,4.507629521734135,3.2279850732404216,MOTOR_003
25.0,0.14411651406608822,1.271553,4.428958083924359,3.3114321763236347,MOTOR_003
25.25,0.1422332156337405,1.123399,4.017556640717934,3.099756469982937,MOTOR_003
25.5,0.14097764448007616,1.366466,5.443678696933109,3.265292446738773,MOTOR_003
25.75,0.13886631237467836,1.366466,5.5264447285772285,3.416380888834512,MOTOR_003
26.0,0.13987829945995867,1.205508,4.618021540824578,3.366151727072505,MOTOR_003
26.25,0.1398480214124904,1.3366609999999999,4.938932943232265,3.3805303338520982,MOTOR_003
26.5,0.137971359575479,1.340117,5.006111428670409,3.1854740838328883,MOTOR_003
26.75,0.14137299913282061,1.3327390000000001,4.897271786315726,3.249574354224823,MOTOR_003
27.0,0.1447157644363076,1.3327390000000001,4.784150522210136,3.3571402541863926,MOTOR_003
27.25,0.14540888961089687,1.2975780000000001,4.896303120841971,3.4110376805272575,MOTOR_003
27.5,0.1438361774998244,1.2975780000000001,4.949839549239058,3.271158122417138,MOTOR_003
27.75,0.14170346942362022,1.102638,4.065757898119366,3.074586094638758,MOTOR_003
28.0,0.14580386960992367,1.24203,4.567080433334931,3.3175502212131733,MOTOR_003
28.25,0.14849722292718895,1.239004,4.484245475260521,3.312880819280202,MOTOR_003
28.5,0.14783657915446027,1.178331,4.031559735816696,3.1707698291710744,MOTOR_003
28.75,0.14870437617760027,1.178331,4.008032684177178,3.183847818741151,MOTOR_003
29.0,0.14735536970427818,1.167996,3.9774390385380287,3.234192442350641,MOTOR_003
29.25,0.14687686830504873,1.224111,4.325779868075798,3.2704929788163035,MOTOR_003
29.5,0.14780220392027904,1.295356,4.4654205586541025,3.4046767768932833,MOTOR_003
29.75,0.14839303974182338,1.2456390000000002,4.4476412178649145,3.416919933219515,MOTOR_003
30.0,0.14765631326473694,1.1807660000000002,4.030481236064609,3.3643032433094766,MOTOR_003
30.25,0.14974298312820497,1.172975,4.074695102591911,3.4307064524281587,MOTOR_003
30.5,0.15191389612662085,1.607057,6.562269979364362,3.657713412995899,MOTOR_003
30.75,0.14980879878599213,1.598533,6.654482300629829,3.6112070117118926,MOTOR_003
31.0,0.14778234530539583,1.2157209999999998,4.3133298411439265,3.2853106088833774,MOTOR_003
31.25,0.1510729042865468,1.2897820000000002,4.44468187840217,3.309132834620066,MOTOR_003
31.5,0.15202618752989688,1.2897820000000002,4.416811411967765,3.3926061057835777,MOTOR_003
31.75,0.14940029908917185,1.2330079999999999,4.406898808194679,3.3694576414014867,MOTOR_003
32.0,0.1488810691558072,1.18459,4.069516718515367,3.199201145416958,MOTOR_003
32.25,0.14849174746026755,1.196746,4.080186342760333,3.1245635868586343,MOTOR_003
32.5,0.14737817220101615,1.1243349999999999,4.099053414613014,3.1313039516680337,MOTOR_003
32.75,0.14499438653990238,1.148451,4.166444056327304,3.2285898046212034,MOTOR_003
33.0,0.14489076613392587,1.262111,4.826567066072366,3.472624580159209,MOTOR_003
33.25,0.14755914156330546,1.532331,5.35830577233868,3.6862228008236526,MOTOR_003
33.5,0.14968135226511434,1.532331,5.282334693232711,3.6511244916139463,MOTOR_003
33.75,0.1461199943022104,1.297674,4.4648578253478,3.4349171329632795,MOTOR_003
34.0,0.14167766107227966,1.133711,4.195495574258182,3.3432641714556137,MOTOR_003
34.25,0.14057309786311978,1.196082,4.272858812465453,3.5310718329510884,MOTOR_003
34.5,0.14122463910146488,1.256701,4.612906105796115,3.7897371344282194,MOTOR_003
34.75,0.13928956573654125,1.309817,5.058325771024803,3.8777150382432546,MOTOR_003
35.0,0.1391752968935045,1.295541,5.514743040837882,3.9267592020026814,MOTOR_003
35.25,0.13981928711432615,1.589611,5.879696692544262,3.8093635233313528,MOTOR_003
35.5,0.13738278895663888,1.353115,5.983973729485662,3.5267351004725014,MOTOR_003
35.75,0.13857149092617094,1.172179,4.2557455076686574,3.6457355325747267,MOTOR_003
36.0,0.13887118220275219,1.19205,4.3372929534120646,3.6618455890950794,MOTOR_003
36.25,0.137960719680905,1.149244,4.3659166275237045,3.411098087289096,MOTOR_003
36.5,0.14104175265039426,1.206248,4.666511778476259,3.5137742899747373,MOTOR_003
36.75,0.14228414180116578,1.3343500000000001,4.752300512483815,3.631384928778968,MOTOR_003
37.0,0.13878203049079246,1.28082,4.872222993198397,3.661593183537465,MOTOR_003
37.25,0.13822523509420007,1.180624,4.439717534803094,3.5800408278346345,MOTOR_003
37.5,0.13828006468857504,1.180624,4.437957137076054,3.4038117228057385,MOTOR_003
37.75,0.13608775560861683,1.087428,3.9954366031558837,3.29740660797499,MOTOR_003
38.0,0.13628057237437588,1.09765,4.064790676680168,3.275799127251346,MOTOR_003
38.25,0.13859163275290737,1.256682,5.099939916720352,3.492654471353695,MOTOR_003
38.5,0.14165154444615446,1.4591180000000001,5.310983391966988,3.7135239594837652,MOTOR_003
38.75,0.14242507582360805,1.354941,5.28213866588863,3.55595853226046,MOTOR_003
39.0,0.14201950955436193,1.254711,4.836018672048045,3.4411412445488754,MOTOR_003
39.25,0.14353880304935798,1.464099,5.415190760178745,3.5372433914353136,MOTOR_003
39.5,0.14568667869717963,1.398668,5.335353972998821,3.300183099302443,MOTOR_003
39.75,0.14397953513232922,1.240144,4.511286964519123,3.147261414461335,MOTOR_003
40.0,0.14396815003599756,1.262528,4.511643720069973,3.3652271543665657,MOTOR_003
40.25,0.1493503029556653,1.2891029999999999,4.438792468983425,3.4809042234485803,MOTOR_003
40.5,0.1515509131125255,1.2891029999999999,4.374338539997944,3.4191007419143467,MOTOR_003
40.75,0.1529983383933033,1.225169,4.087959428632434,3.4387865198010705,MOTOR_003
41.0,0.1520598758785955,1.414915,5.361026341037215,3.5895879987792516,MOTOR_003
41.25,0.15027821266603153,1.355734,5.424585410871504,3.6051522610674187,MOTOR_003
41.5,0.15361918056549978,1.567283,6.454083379108112,3.9800725358745983,MOTOR_003
41.75,0.15318365589658792,1.618661,6.472433329762856,4.256759810955851,MOTOR_003
42.0,0.14564472436431958,1.264771,4.377645690791641,3.851228882042981,MOTOR_003
42.25,0.14542637559195287,1.303805,4.939977339569705,3.6848052095297987,MOTOR_003
42.5,0.1493318591372576,1.383474,4.8107818663108155,3.539286877808399,MOTOR_003
42.75,0.14817406240047293,1.294422,4.488444125953027,3.219930859890061,MOTOR_003
43.0,0.14708485848174857,1.268527,4.768349422500408,3.2821105880820682,MOTOR_003
43.25,0.1459734331451185,1.268527,4.804655099827348,3.396197800846705,MOTOR_003
43.5,0.14615435652772207,1.202993,4.42801716880226,3.318990293089519,MOTOR_003
43.75,0.14768127054982802,1.222874,4.911076382941131,3.4179114543199742,MOTOR_003
44.0,0.14669895206869832,1.292622,4.943961696879458,3.4895629465565485,MOTOR_003
44.25,0.14486499341627448,1.284645,4.682104240677107,3.4729168252350537,MOTOR_003
44.5,0.1447017612671793,1.284645,4.687385931313079,3.510869860324105,MOTOR_003
44.75,0.1454594945208399,1.1660849999999998,4.207886202384047,3.43808407427663,MOTOR_003
45.0,0.14479005117649357,1.275356,5.035339058698826,3.592025062483631,MOTOR_003
45.25,0.14469325141046965,1.347877,5.038707699861988,3.6809821594926544,MOTOR_003
45.5,0.14737530793007442,1.398283,5.078143757671347,3.7098957378230946,MOTOR_003
45.75,0.14549415266755955,1.398283,5.143801220039458,3.6350443461039648,MOTOR_003
46.0,0.1446769938843241,1.156155,4.5697659472287055,3.3495130473291916,MOTOR_003
46.25,0.14717302560089815,1.320371,4.599307496983803,3.5117311867570793,MOTOR_003
46.5,0.14562696197842323,1.351743,4.648136518155833,3.554917986505914,MOTOR_003
46.75,0.1455768478178055,1.3626040000000001,4.805262721964501,3.6621233007064724,MOTOR_003
47.0,0.14989757110411261,1.3626040000000001,4.666753402656085,3.6541013351438183,MOTOR_003
47.25,0.15110178586441408,1.234264,4.266547852574581,3.3914929495851545,MOTOR_003
47.5,0.1494234696207142,1.440359,4.83035229895333,3.615275042489481,MOTOR_003
47.75,0.14633547227466928,1.440359,4.932283258328871,3.6337724649389886,MOTOR_003
48.0,0.14421551336817626,1.191022,4.516109153508859,3.4572676676951475,MOTOR_003
48.25,0.14871714869463692,1.431713,5.853662524067701,3.7890947275537163,MOTOR_003
48.5,0.15284689009851493,1.486975,5.695503516224032,3.9295878806000726,MOTOR_003
48.75,0.1487511932852847,1.3133569999999999,4.685152331271708,3.8070862940293337,MOTOR_003
49.0,0.14725723997143103,1.2427169999999998,4.854396294122347,3.7964976499043255,MOTOR_003
49.25,0.15165919593045454,1.355401,4.935177160923491,4.161148571394964,MOTOR_003
49.5,0.14796878651471948,1.355401,5.058262743308671,4.145787303753282,MOTOR_003
49.75,0.14378863360937297,1.409993,5.075658497337762,3.7281448633709875,MOTOR_003
50.0,0.14669367154605673,1.409993,4.9751430467868625,3.750231154518915,MOTOR_003
50.25,0.14727174925492967,1.2741120000000001,4.658911186097921,3.6923677180385805,MOTOR_003
50.5,0.14551363216028507,1.3040180000000001,4.920721099252624,3.617962872584702,MOTOR_003
50.75,0.14472781990976977,1.319541,4.947438581237584,3.6117990012438437,MOTOR_003
51.0,0.14913959869360946,1.455074,5.1711014831438336,3.8470145992278826,MOTOR_003
51.25,0.15460505245392894,1.455074,4.988297521711434,3.744899298209087,MOTOR_003
51.5,0.15246856733070796,1.276556,4.470239420048175,3.6162551275690134,MOTOR_003
51.75,0.1500023352927926,1.363115,4.887023915788481,3.8268825106160294,MOTOR_003
52.0,0.1485690935464178,1.363115,4.934168894090793,3.812547304864023,MOTOR_003
52.25,0.14782728571579193,1.377901,4.664991288048325,3.870950545532345,MOTOR_003
52.5,0.14778600144133155,1.377901,4.6662944614126,3.8040180647084036,MOTOR_003
52.75,0.14659678793948003,1.287512,4.575161635034518,3.5045313368354414,MOTOR_003
53.0,0.1455604991730217,1.258653,4.607733580267282,3.41135350262734,MOTOR_003
53.25,0.14537419274586574,1.190631,4.4984119096241555,3.291982270769453,MOTOR_003
53.5,0.1458186751085719,1.274749,4.577383517598309,3.4651252393135294,MOTOR_003
53.75,0.14401596774366288,1.35678,4.786358143472822,3.5751724211090976,MOTOR_003
54.0,0.14489172236641487,1.292273,4.757428435123488,3.506670880835245,MOTOR_003
54.25,0.1466199827865629,1.249151,4.387178253433481,3.5614381232878967,MOTOR_003
54.5,0.14665861305910233,1.3547310000000001,4.842613639839825,3.682148888843676,MOTOR_003
54.75,0.14677337608889468,1.3547310000000001,4.83882716964863,3.5711751682990216,MOTOR_003
55.0,0.14613513361935804,1.3324319999999998,4.636304653231249,3.48815495967168,MOTOR_003
55.25,0.14396613408332054,1.3324319999999998,4.7061554046306515,3.533835876392963,MOTOR_003
55.5,0.14303629604035736,1.1363940000000001,4.093974859603313,3.418534085019747,MOTOR_003
55.75,0.14816010798752857,1.2789869999999999,4.860377127024069,3.542733498181504,MOTOR_003
56.0,0.1463931207654154,1.2789869999999999,4.919042617814887,3.616835724448053,MOTOR_003
56.25,0.14229010227353614,1.2275939999999999,4.457604498594597,3.4114427796521216,MOTOR_003
56.5,0.14292429421772562,1.215646,4.354228253539408,3.3050423973997747,MOTOR_003
56.75,0.1417690503155515,1.170644,4.147760027249728,3.448047816241925,MOTOR_003
57.0,0.14025801359901907,1.170644,4.192444944223226,3.478661683671912,MOTOR_003
57.25,0.1413340028589228,1.31637,5.30941588592122,3.6160778733185444,MOTOR_003
57.5,0.14191969650535166,1.3685559999999999,5.28750426105726,3.603681148573631,MOTOR_003
57.75,0.1376894970145372,1.254969,4.6250005542017885,3.4864990026740026,MOTOR_003
58.0,0.13863687526057505,1.409508,5.537942185706006,3.68924908044511,MOTOR_003
58.25,0.139223735985286,1.409508,5.514598459569723,3.4828793641528812,MOTOR_003
58.5,0.13808908163409633,1.114836,4.759007679849289,3.2796007442486834,MOTOR_003
58.75,0.14147736658314997,1.409389,5.31690699485772,3.4251625086266753,MOTOR_003
59.0,0.1414362273508926,1.416986,5.318453511445791,3.4513760003639167,MOTOR_003
59.25,0.1400624584190746,1.2067890000000001,4.746196857483319,3.3544884539413786,MOTOR_003
59.5,0.14087772682965802,1.194133,4.955673375140126,3.3403525283765396,MOTOR_003
59.75,0.1420882914562311,1.494472,5.604458972928822,3.4332495793409548,MOTOR_003
60.0,0.14118453770234854,1.4007390000000002,5.640334366351461,3.2893986367966437,MOTOR_003
60.25,0.13922581776585072,1.010775,3.848812013452825,3.0974752423277025,MOTOR_003
60.5,0.14035876386253818,1.0543770000000001,3.8177452212730674,3.0707318288646963,MOTOR_003
60.75,0.14123319292231024,1.2913299999999999,4.776837413646177,3.163002967134704,MOTOR_003
61.0,0.14210719493431578,1.2913299999999999,4.747458426097518,3.2093250624083978,MOTOR_003
61.25,0.14146263398920977,1.128612,4.244265662731803,3.240700823771069,MOTOR_003
61.5,0.14142546503308243,1.103374,4.245381126090358,3.2313962249674417,MOTOR_003
61.75,0.14365881375146416,1.101265,4.187400579826026,3.2791519891382346,MOTOR_003
62.0,0.14210016230036782,1.183472,4.81184531341123,3.4163348530232227,MOTOR_003
62.25,0.1391906508032032,1.128298,4.912427638309919,3.286761450671815,MOTOR_003
62.5,0.14008138360691572,1.106388,4.5201081235518314,3.240818413000301,MOTOR_003
62.75,0.14126975633540695,1.229339,4.482084604836988,3.3045662155300675,MOTOR_003
63.0,0.14312972666450618,1.2220309999999999,4.282534552984677,3.402286435775548,MOTOR_003
63.25,0.14199476789144952,1.2220309999999999,4.3167646886016735,3.332539716131764,MOTOR_003
63.5,0.14057499022645573,1.105027,3.933501962968206,3.1284555945050845,MOTOR_003
63.75,0.1409201322274589,1.176442,4.424421054286452,3.2250758480485726,MOTOR_003
64.0,0.13846809701870544,1.1681249999999999,4.511977946195083,3.2409392994274513,MOTOR_003
64.25,0.14088050712397857,1.188231,4.5551298266925,3.3489734898054104,MOTOR_003
64.5,0.14281515112833792,1.188231,4.493423806437199,3.3884019347248246,MOTOR_003
64.75,0.14107805173336452,1.09787,4.246507466180987,3.375360089175611,MOTOR_003
65.0,0.13982586584016074,1.073208,4.284536315225376,3.310660678502768,MOTOR_003
65.25,0.14032395677540416,1.133918,4.140597324589136,3.217606644677171,MOTOR_003
65.5,0.14110949537735448,1.133918,4.117547146251392,3.260179897111462,MOTOR_003
65.75,0.14009376929620926,1.190756,4.4441876546528665,3.1277979111791243,MOTOR_003
66.0,0.13734455477759439,1.190756,4.533146588943386,3.100343834344158,MOTOR_003
66.25,0.13628248252101588,1.0262580000000001,4.006186194295415,3.204045836022202,MOTOR_003
66.5,0.13942708484211694,1.068734,3.9868509094158875,3.2858121914187657,MOTOR_003
66.75,0.13912586947322647,1.110924,4.100236729228691,3.217471932726886,MOTOR_003
67.0,0.13585043020345572,1.13624,4.242312660599435,3.1493661969557136,MOTOR_003
67.25,0.1361663985807755,1.13624,4.232468553232097,3.352583962269616,MOTOR_003
67.5,0.1385848559373462,1.1263779999999999,4.3196494736094575,3.34233718624392,MOTOR_003
67.75,0.140091992469949,1.1226720000000001,4.273177855817942,3.1503948517343163,MOTOR_003
68.0,0.14109597510165242,1.267819,5.344532326005156,3.377624158364933,MOTOR_003
68.25,0.14154729120836612,1.319914,5.327491565274331,3.5109686353810226,MOTOR_003
68.5,0.14052501474564058,1.227945,4.711780327498885,3.394609834585874,MOTOR_003
68.75,0.14273311039237752,1.071849,3.799167540798993,3.3544223854890274,MOTOR_003
69.0,0.14491070015711877,1.1847569999999998,4.600074385654351,3.443231854868832,MOTOR_003
69.25,0.14137486472842734,1.201953,4.715123874958245,3.452656784043312,MOTOR_003
69.5,0.1400638382148601,1.137796,4.616309307532608,3.3129300260745795,MOTOR_003
69.75,0.14541665090429423,1.291355,4.446382143854657,3.4574135640085433,MOTOR_003
70.0,0.1456401209244949,1.2402410000000001,4.42719352268511,3.5378720202655916,MOTOR_003
70.25,0.14420710433513972,1.259749,4.376580494489605,3.55239450855817,MOTOR_003
70.5,0.1479841894027399,1.259749,4.264874528469827,3.383996121544752,MOTOR_003
70.75,0.1487941140867159,1.24833,4.244670589805183,3.351037898338792,MOTOR_003
71.0,0.14665306671206538,1.24833,4.306640250762917,3.406574575404547,MOTOR_003
71.25,0.14597881098617532,1.145979,4.052416895326154,3.3420633376660827,MOTOR_003
71.5,0.14678486435197474,1.108094,3.7770379285876374,3.1792691790828194,MOTOR_003
71.75,0.14666123358220126,1.114138,3.8001112249449753,3.0501786522806342,MOTOR_003
72.0,0.14747782135309787,1.327501,4.557681920122024,3.361676703841465,MOTOR_003
72.25,0.1489575574661076,1.467116,5.449686567159931,3.8134259690046943,MOTOR_003
72.5,0.14681038259603355,1.4577900000000001,5.529390943920421,3.736749657939898,MOTOR_003
72.75,0.14570196010803269,1.3499249999999998,4.648173569510289,3.4853180969151136,MOTOR_003
73.0,0.1444620088936824,1.290058,4.688069930540868,3.437643703820576,MOTOR_003
73.25,0.14366123482204846,1.2498550000000002,4.453393434857276,3.3804466193854448,MOTOR_003
73.5,0.14472441655417503,1.30242,4.501071868243837,3.677292518204582,MOTOR_003
73.75,0.14684518865307777,1.3423949999999998,4.70829181631147,3.9579040405018713,MOTOR_003
74.0,0.14573324854671807,1.348961,4.744215934899436,3.850150352116893,MOTOR_003
74.25,0.1402684675857256,1.3305150000000001,4.797542965875262,3.5211638351509267,MOTOR_003
74.5,0.13781782924296027,1.300538,4.882851541752708,3.283034444620581,MOTOR_003
74.75,0.13761026169520751,1.261318,4.583858734293563,3.341325252827099,MOTOR_003
75.0,0.1384693767439375,1.265385,4.582955559722949,3.5459326327281175,MOTOR_003
75.25,0.13952368053176809,1.244499,4.54832468281618,3.6249007003236766,MOTOR_003
75.5,0.14206168723739654,1.2454830000000001,4.561891475475881,3.5254013919242517,MOTOR_003
75.75,0.14349813439208103,1.314191,4.642018537885326,3.532384549357427,MOTOR_003
76.0,0.14148580571951336,1.2041149999999998,4.708041182028836,3.564911194402279,MOTOR_003
76.25,0.13571326750783894,1.055787,3.953600188493052,3.289652470873032,MOTOR_003
76.5,0.1332644337631083,0.9826779999999999,3.855417274449358,3.081161593665913,MOTOR_003
76.75,0.1364892618382505,1.200351,4.891769440377231,3.3303145005074493,MOTOR_003
77.0,0.13837371321835165,1.230225,4.825150561266073,3.4567382268239877,MOTOR_003
77.25,0.1370486155956806,1.166302,4.288930591857256,3.38287182113357,MOTOR_003
77.5,0.13691102909521385,1.166302,4.293240682540075,3.4083656316172513,MOTOR_003
77.75,0.13774105398213343,1.2099190000000002,4.693023476383797,3.5735270405427513,MOTOR_003
78.0,0.1375747639725501,1.2099190000000002,4.69869604958202,3.424016941028716,MOTOR_003
78.25,0.1397573119066803,1.139864,4.165928723563052,3.1833005167414092,MOTOR_003
78.5,0.14171117313236764,1.1564519999999998,4.225545429933563,3.3715790223074924,MOTOR_003
78.75,0.14368883811444044,1.289353,4.72007435580927,3.670642061535286,MOTOR_003
79.0,0.1434534398100186,1.289353,4.727819708598119,3.612479102499787,MOTOR_003
79.25,0.13821829027138377,1.117136,4.270107804409692,3.2625271714781077,MOTOR_003
79.5,0.13913579598830147,1.1846130000000001,4.59547448202158,3.1307584956298657,MOTOR_003
